gbifID,datasetKey,occurrenceID,kingdom,phylum,class,order,family,genus,species,infraspecificEpithet,taxonRank,scientificName,verbatimScientificName,verbatimScientificNameAuthorship,countryCode,locality,stateProvince,occurrenceStatus,individualCount,publishingOrgKey,decimalLatitude,decimalLongitude,coordinateUncertaintyInMeters,coordinatePrecision,elevation,elevationAccuracy,depth,depthAccuracy,eventDate,day,month,year,taxonKey,speciesKey,basisOfRecord,institutionCode,collectionCode,catalogNumber,recordNumber,identifiedBy,dateIdentified,license,rightsHolder,recordedBy,typeStatus,establishmentMeans,lastInterpreted,mediaType,issue
919426901,22a66350-7947-4a49-84a3-39c7c1b0881f,urn:catalog:MSU:MR:MR.532,Animalia,Chordata,Mammalia,Chiroptera,Vespertilionidae,Myotis,Myotis lucifugus,carissimus,SUBSPECIES,"Myotis lucifugus carissimus Thomas, 1904",Myotis lucifugus carissima,NA,US,Steens Mountains,Oregon,PRESENT,NA,311e2740-f15a-11d8-b22f-b8a03c50a862,42.5526906,-118.633955,25764,NA,NA,NA,NA,NA,1954-08-23,23,8,1954,4266438,2432406,PRESERVED_SPECIMEN,MSU,MR,MR.532,PAH546,NA,NA,CC0_1_0,NA,NA,NA,Native,2024-01-24T16:41:18Z,NA,COORDINATE_REPROJECTED;TAXON_MATCH_FUZZY
812661917,8eddc200-f535-4c65-9b4d-f723eafe607e,urn:catalog:PSM:Mammal:Mammal-26153,Animalia,Chordata,Mammalia,Chiroptera,Vespertilionidae,Myotis,Myotis lucifugus,NA,SPECIES,"Myotis lucifugus (Le Conte, 1831)",Myotis lucifugus,NA,US,"Owyhee Spring, 3.5 mi SE Rome",Oregon,PRESENT,NA,f56c5f80-055c-11d8-b84e-b8a03c50a862,42.7908962,-117.6060326,14,NA,NA,NA,NA,NA,1977-07-06,6,7,1977,2432406,2432406,PRESERVED_SPECIMEN,PSM,NA,Mammal-26153,NA,NA,NA,CC0_1_0,NA,C. Maser,NA,NA,2024-01-24T22:05:32Z,NA,COORDINATE_REPROJECTED;COLLECTION_MATCH_NONE;INSTITUTION_MATCH_FUZZY
812661915,8eddc200-f535-4c65-9b4d-f723eafe607e,urn:catalog:PSM:Mammal:Mammal-26151,Animalia,Chordata,Mammalia,Chiroptera,Vespertilionidae,Myotis,Myotis lucifugus,NA,SPECIES,"Myotis lucifugus (Le Conte, 1831)",Myotis lucifugus,NA,US,"Unity, 8 mi NE, Middle Fork Burnt River",Oregon,PRESENT,NA,f56c5f80-055c-11d8-b84e-b8a03c50a862,44.519175,-118.0780719,6183,NA,NA,NA,NA,NA,1977-07-11,11,7,1977,2432406,2432406,PRESERVED_SPECIMEN,PSM,NA,Mammal-26151,NA,NA,NA,CC0_1_0,NA,C. Maser,NA,NA,2024-01-24T22:05:32Z,NA,COORDINATE_REPROJECTED;COLLECTION_MATCH_NONE;INSTITUTION_MATCH_FUZZY
812660602,8eddc200-f535-4c65-9b4d-f723eafe607e,urn:catalog:PSM:Mammal:Mammal-24175,Animalia,Chordata,Mammalia,Chiroptera,Vespertilionidae,Myotis,Myotis lucifugus,NA,SPECIES,"Myotis lucifugus (Le Conte, 1831)",Myotis lucifugus,NA,US,"Shoat Springs, 6.8 mi S Hwy 66",Oregon,PRESENT,NA,f56c5f80-055c-11d8-b84e-b8a03c50a862,42.0472653,-122.3350377,14,NA,NA,NA,NA,NA,1970-06-19,19,6,1970,2432406,2432406,PRESERVED_SPECIMEN,PSM,NA,Mammal-24175,NA,NA,NA,CC0_1_0,NA,P. M. Lais,NA,NA,2024-01-24T22:05:43Z,NA,COORDINATE_REPROJECTED;COLLECTION_MATCH_NONE;INSTITUTION_MATCH_FUZZY
812658883,8eddc200-f535-4c65-9b4d-f723eafe607e,urn:catalog:PSM:Mammal:Mammal-22191,Animalia,Chordata,Mammalia,Chiroptera,Vespertilionidae,Myotis,Myotis lucifugus,NA,SPECIES,"Myotis lucifugus (Le Conte, 1831)",Myotis lucifugus,NA,US,"W. L. Finley National Wildlife Refuge, 11 mi S Corvallis; T13S, R5W, S20, SW .25",Oregon,PRESENT,NA,f56c5f80-055c-11d8-b84e-b8a03c50a862,44.4220289,-123.3275024,582,NA,NA,NA,NA,NA,1974-06-03,3,6,1974,2432406,2432406,PRESERVED_SPECIMEN,PSM,NA,Mammal-22191,NA,NA,NA,CC0_1_0,NA,C. Maser and L. Keller and F. Zeillimak,NA,NA,2024-01-24T22:05:33Z,NA,COORDINATE_REPROJECTED;COLLECTION_MATCH_NONE;INSTITUTION_MATCH_FUZZY
812658880,8eddc200-f535-4c65-9b4d-f723eafe607e,urn:catalog:PSM:Mammal:Mammal-22188,Animalia,Chordata,Mammalia,Chiroptera,Vespertilionidae,Myotis,Myotis lucifugus,NA,SPECIES,"Myotis lucifugus (Le Conte, 1831)",Myotis lucifugus,NA,US,W. L. Finley National Wildlife Refuge,Oregon,PRESENT,NA,f56c5f80-055c-11d8-b84e-b8a03c50a862,44.4089291,-123.321502,2911,NA,NA,NA,NA,NA,1974-08-08,8,8,1974,2432406,2432406,PRESERVED_SPECIMEN,PSM,NA,Mammal-22188,NA,NA,NA,CC0_1_0,NA,L. Keller,NA,NA,2024-01-24T22:05:33Z,NA,COORDINATE_REPROJECTED;COLLECTION_MATCH_NONE;INSTITUTION_MATCH_FUZZY
812658855,8eddc200-f535-4c65-9b4d-f723eafe607e,urn:catalog:PSM:Mammal:Mammal-22164,Animalia,Chordata,Mammalia,Chiroptera,Vespertilionidae,Myotis,Myotis lucifugus,NA,SPECIES,"Myotis lucifugus (Le Conte, 1831)",Myotis lucifugus,NA,US,Uinto State Park,Oregon,PRESENT,NA,f56c5f80-055c-11d8-b84e-b8a03c50a862,45.6939345,-121.6675848,174,NA,NA,NA,NA,NA,1974-08-03,3,8,1974,2432406,2432406,PRESERVED_SPECIMEN,PSM,NA,Mammal-22164,NA,NA,NA,CC0_1_0,NA,L. Keller and J. Tabor,NA,NA,2024-01-24T22:05:33Z,NA,COORDINATE_REPROJECTED;COLLECTION_MATCH_NONE;INSTITUTION_MATCH_FUZZY
812658849,8eddc200-f535-4c65-9b4d-f723eafe607e,urn:catalog:PSM:Mammal:Mammal-22085,Animalia,Chordata,Mammalia,Chiroptera,Vespertilionidae,Myotis,Myotis lucifugus,NA,SPECIES,"Myotis lucifugus (Le Conte, 1831)",Myotis lucifugus,NA,US,Memaloose State Park,Oregon,PRESENT,NA,f56c5f80-055c-11d8-b84e-b8a03c50a862,45.6955376,-121.3325764,335,NA,NA,NA,NA,NA,1974-08-01,1,8,1974,2432406,2432406,PRESERVED_SPECIMEN,PSM,NA,Mammal-22085,NA,NA,NA,CC0_1_0,NA,L. Keller and L. Mitchell,NA,NA,2024-01-24T22:05:33Z,NA,COORDINATE_REPROJECTED;COLLECTION_MATCH_NONE;INSTITUTION_MATCH_FUZZY
812658478,8eddc200-f535-4c65-9b4d-f723eafe607e,urn:catalog:PSM:Mammal:Mammal-22217,Animalia,Chordata,Mammalia,Chiroptera,Vespertilionidae,Myotis,Myotis lucifugus,NA,SPECIES,"Myotis lucifugus (Le Conte, 1831)",Myotis lucifugus,NA,US,"Dry Creek; T24S, R41E, S4, NE .25",Oregon,PRESENT,NA,f56c5f80-055c-11d8-b84e-b8a03c50a862,43.5136875,-117.697446,582,NA,NA,NA,NA,NA,1976-07-30,30,7,1976,2432406,2432406,PRESERVED_SPECIMEN,PSM,NA,Mammal-22217,NA,NA,NA,CC0_1_0,NA,C. Maser and S. Shaver,NA,NA,2024-01-24T22:05:34Z,NA,COORDINATE_REPROJECTED;COLLECTION_MATCH_NONE;INSTITUTION_MATCH_FUZZY
812658476,8eddc200-f535-4c65-9b4d-f723eafe607e,urn:catalog:PSM:Mammal:Mammal-22215,Animalia,Chordata,Mammalia,Chiroptera,Vespertilionidae,Myotis,Myotis lucifugus,NA,SPECIES,"Myotis lucifugus (Le Conte, 1831)",Myotis lucifugus,NA,US,"Corvallis, 7 mi N, Sulphur Springs",Oregon,PRESENT,NA,f56c5f80-055c-11d8-b84e-b8a03c50a862,44.642227,-123.3153061,13,NA,NA,NA,NA,NA,1974-06-03,3,6,1974,2432406,2432406,PRESERVED_SPECIMEN,PSM,NA,Mammal-22215,NA,NA,NA,CC0_1_0,NA,C. Maser and V. Brockett,NA,NA,2024-01-24T22:05:34Z,NA,COORDINATE_REPROJECTED;COLLECTION_MATCH_NONE;INSTITUTION_MATCH_FUZZY
812658475,8eddc200-f535-4c65-9b4d-f723eafe607e,urn:catalog:PSM:Mammal:Mammal-22214,Animalia,Chordata,Mammalia,Chiroptera,Vespertilionidae,Myotis,Myotis lucifugus,NA,SPECIES,"Myotis lucifugus (Le Conte, 1831)",Myotis lucifugus,NA,US,"Corvallis, 8 mi NNE",Oregon,PRESENT,NA,f56c5f80-055c-11d8-b84e-b8a03c50a862,44.6715279,-123.1997038,7456,NA,NA,NA,NA,NA,1974-06-03,3,6,1974,2432406,2432406,PRESERVED_SPECIMEN,PSM,NA,Mammal-22214,NA,NA,NA,CC0_1_0,NA,C. Maser and V. Brockett,NA,NA,2024-01-24T22:05:34Z,NA,COORDINATE_REPROJECTED;COLLECTION_MATCH_NONE;INSTITUTION_MATCH_FUZZY
812658343,8eddc200-f535-4c65-9b4d-f723eafe607e,urn:catalog:PSM:Mammal:Mammal-22111,Animalia,Chordata,Mammalia,Chiroptera,Vespertilionidae,Myotis,Myotis lucifugus,NA,SPECIES,"Myotis lucifugus (Le Conte, 1831)",Myotis lucifugus,NA,US,"La Grande, Morgan Lake",Oregon,PRESENT,NA,f56c5f80-055c-11d8-b84e-b8a03c50a862,45.3011687,-118.1354866,335,NA,NA,NA,NA,NA,1974-07-07,7,7,1974,2432406,2432406,PRESERVED_SPECIMEN,PSM,NA,Mammal-22111,NA,NA,NA,CC0_1_0,NA,C. Maser,NA,NA,2024-01-24T22:05:34Z,NA,COORDINATE_REPROJECTED;COLLECTION_MATCH_NONE;INSTITUTION_MATCH_FUZZY
812658341,8eddc200-f535-4c65-9b4d-f723eafe607e,urn:catalog:PSM:Mammal:Mammal-22109,Animalia,Chordata,Mammalia,Chiroptera,Vespertilionidae,Myotis,Myotis lucifugus,NA,SPECIES,"Myotis lucifugus (Le Conte, 1831)",Myotis lucifugus,NA,US,"Florence, 5 mi N, Mercer Lake; T17S, R11W, S30, SW .25",Oregon,PRESENT,NA,f56c5f80-055c-11d8-b84e-b8a03c50a862,44.0591255,-124.0625135,582,NA,NA,NA,NA,NA,1974-05-26,26,5,1974,2432406,2432406,PRESERVED_SPECIMEN,PSM,NA,Mammal-22109,NA,NA,NA,CC0_1_0,NA,C. Maser,NA,NA,2024-01-24T22:05:34Z,NA,COORDINATE_REPROJECTED;COLLECTION_MATCH_NONE;INSTITUTION_MATCH_FUZZY
812658340,8eddc200-f535-4c65-9b4d-f723eafe607e,urn:catalog:PSM:Mammal:Mammal-22108,Animalia,Chordata,Mammalia,Chiroptera,Vespertilionidae,Myotis,Myotis lucifugus,NA,SPECIES,"Myotis lucifugus (Le Conte, 1831)",Myotis lucifugus,NA,US,"Boardman, 0.8 mi E",Oregon,PRESENT,NA,f56c5f80-055c-11d8-b84e-b8a03c50a862,45.8397517,-119.6837366,2721,NA,NA,NA,NA,NA,1974-06-30,30,6,1974,2432406,2432406,PRESERVED_SPECIMEN,PSM,NA,Mammal-22108,NA,NA,NA,CC0_1_0,NA,L. Keller and R. Pietruszka,NA,NA,2024-01-24T22:05:34Z,NA,COORDINATE_REPROJECTED;COLLECTION_MATCH_NONE;INSTITUTION_MATCH_FUZZY
812658339,8eddc200-f535-4c65-9b4d-f723eafe607e,urn:catalog:PSM:Mammal:Mammal-22107,Animalia,Chordata,Mammalia,Chiroptera,Vespertilionidae,Myotis,Myotis lucifugus,NA,SPECIES,"Myotis lucifugus (Le Conte, 1831)",Myotis lucifugus,NA,US,"Goble, 1 mi E",Oregon,PRESENT,NA,f56c5f80-055c-11d8-b84e-b8a03c50a862,46.0158212,-122.854321,2385,NA,NA,NA,NA,NA,1974-09-17,17,9,1974,2432406,2432406,PRESERVED_SPECIMEN,PSM,NA,Mammal-22107,NA,NA,NA,CC0_1_0,NA,L. Keller,NA,NA,2024-01-24T22:05:34Z,NA,COORDINATE_REPROJECTED;COLLECTION_MATCH_NONE;INSTITUTION_MATCH_FUZZY
812658338,8eddc200-f535-4c65-9b4d-f723eafe607e,urn:catalog:PSM:Mammal:Mammal-22106,Animalia,Chordata,Mammalia,Chiroptera,Vespertilionidae,Myotis,Myotis lucifugus,NA,SPECIES,"Myotis lucifugus (Le Conte, 1831)",Myotis lucifugus,NA,US,"Sauvie Island, 3 mi E St. Helens",Oregon,PRESENT,NA,f56c5f80-055c-11d8-b84e-b8a03c50a862,45.7164236,-122.8009138,10632,NA,NA,NA,NA,NA,1974-08-27,27,8,1974,2432406,2432406,PRESERVED_SPECIMEN,PSM,NA,Mammal-22106,NA,NA,NA,CC0_1_0,NA,L. Keller,NA,NA,2024-01-24T22:05:34Z,NA,COORDINATE_REPROJECTED;COLLECTION_MATCH_NONE;INSTITUTION_MATCH_FUZZY
812658326,8eddc200-f535-4c65-9b4d-f723eafe607e,urn:catalog:PSM:Mammal:Mammal-22094,Animalia,Chordata,Mammalia,Chiroptera,Vespertilionidae,Myotis,Myotis lucifugus,NA,SPECIES,"Myotis lucifugus (Le Conte, 1831)",Myotis lucifugus,NA,US,"Goble, 0.8 mi W",Oregon,PRESENT,NA,f56c5f80-055c-11d8-b84e-b8a03c50a862,46.0158209,-122.891722,1072,NA,NA,NA,NA,NA,1974-08-22,22,8,1974,2432406,2432406,PRESERVED_SPECIMEN,PSM,NA,Mammal-22094,NA,NA,NA,CC0_1_0,NA,L. Keller,NA,NA,2024-01-24T22:05:33Z,NA,COORDINATE_REPROJECTED;COLLECTION_MATCH_NONE;INSTITUTION_MATCH_FUZZY
812658324,8eddc200-f535-4c65-9b4d-f723eafe607e,urn:catalog:PSM:Mammal:Mammal-22092,Animalia,Chordata,Mammalia,Chiroptera,Vespertilionidae,Myotis,Myotis lucifugus,NA,SPECIES,"Myotis lucifugus (Le Conte, 1831)",Myotis lucifugus,NA,US,"Rainier, 2.5 mi W",Oregon,PRESENT,NA,f56c5f80-055c-11d8-b84e-b8a03c50a862,46.0889195,-122.9876258,6368,NA,NA,NA,NA,NA,1974-08-28,28,8,1974,2432406,2432406,PRESERVED_SPECIMEN,PSM,NA,Mammal-22092,NA,NA,NA,CC0_1_0,NA,L. Keller,NA,NA,2024-01-24T22:05:33Z,NA,COORDINATE_REPROJECTED;COLLECTION_MATCH_NONE;INSTITUTION_MATCH_FUZZY
812658320,8eddc200-f535-4c65-9b4d-f723eafe607e,urn:catalog:PSM:Mammal:Mammal-22088,Animalia,Chordata,Mammalia,Chiroptera,Vespertilionidae,Myotis,Myotis lucifugus,NA,SPECIES,"Myotis lucifugus (Le Conte, 1831)",Myotis lucifugus,NA,US,"Goble, 8 mi W",Oregon,PRESENT,NA,f56c5f80-055c-11d8-b84e-b8a03c50a862,46.0158194,-123.0413257,10586,NA,NA,NA,NA,NA,1974-08-22,22,8,1974,2432406,2432406,PRESERVED_SPECIMEN,PSM,NA,Mammal-22088,NA,NA,NA,CC0_1_0,NA,L. Keller,NA,NA,2024-01-24T22:05:33Z,NA,COORDINATE_REPROJECTED;COLLECTION_MATCH_NONE;INSTITUTION_MATCH_FUZZY
812657564,8eddc200-f535-4c65-9b4d-f723eafe607e,urn:catalog:PSM:Mammal:Mammal-20840,Animalia,Chordata,Mammalia,Chiroptera,Vespertilionidae,Myotis,Myotis lucifugus,NA,SPECIES,"Myotis lucifugus (Le Conte, 1831)",Myotis lucifugus,NA,US,"Blitzen Crossing Campground, 1 mi SE; Steens Mountain; T33S, R32.75, S7, NE .25",Oregon,PRESENT,NA,f56c5f80-055c-11d8-b84e-b8a03c50a862,42.7295874,-118.7600608,582,NA,NA,NA,NA,NA,1975-08-04,4,8,1975,2432406,2432406,PRESERVED_SPECIMEN,PSM,NA,Mammal-20840,NA,NA,NA,CC0_1_0,NA,C. Maser,NA,NA,2024-01-24T22:05:40Z,NA,COORDINATE_REPROJECTED;COLLECTION_MATCH_NONE;INSTITUTION_MATCH_FUZZY
812657563,8eddc200-f535-4c65-9b4d-f723eafe607e,urn:catalog:PSM:Mammal:Mammal-20839,Animalia,Chordata,Mammalia,Chiroptera,Vespertilionidae,Myotis,Myotis lucifugus,NA,SPECIES,"Myotis lucifugus (Le Conte, 1831)",Myotis lucifugus,NA,US,"Malheur National Wildlife Refuge, Headquarters",Oregon,PRESENT,NA,f56c5f80-055c-11d8-b84e-b8a03c50a862,43.2655806,-118.8438713,14,NA,NA,NA,NA,NA,1975-07-14,14,7,1975,2432406,2432406,PRESERVED_SPECIMEN,PSM,NA,Mammal-20839,NA,NA,NA,CC0_1_0,NA,C. Maser,NA,NA,2024-01-24T22:05:40Z,NA,COORDINATE_REPROJECTED;COLLECTION_MATCH_NONE;INSTITUTION_MATCH_FUZZY
812657560,8eddc200-f535-4c65-9b4d-f723eafe607e,urn:catalog:PSM:Mammal:Mammal-20836,Animalia,Chordata,Mammalia,Chiroptera,Vespertilionidae,Myotis,Myotis lucifugus,NA,SPECIES,"Myotis lucifugus (Le Conte, 1831)",Myotis lucifugus,NA,US,"Princeton, 3.3 mi S",Oregon,PRESENT,NA,f56c5f80-055c-11d8-b84e-b8a03c50a862,43.1986836,-118.5774635,4924,NA,NA,NA,NA,NA,1975-07-13,13,7,1975,2432406,2432406,PRESERVED_SPECIMEN,PSM,NA,Mammal-20836,NA,NA,NA,CC0_1_0,NA,C. Maser and S. Cross,NA,NA,2024-01-24T22:05:40Z,NA,COORDINATE_REPROJECTED;COLLECTION_MATCH_NONE;INSTITUTION_MATCH_FUZZY
812657557,8eddc200-f535-4c65-9b4d-f723eafe607e,urn:catalog:PSM:Mammal:Mammal-20833,Animalia,Chordata,Mammalia,Chiroptera,Vespertilionidae,Myotis,Myotis lucifugus,NA,SPECIES,"Myotis lucifugus (Le Conte, 1831)",Myotis lucifugus,NA,US,"Batch Lake, S end Jordan Crater lava flow; T29S, R44E, S6, NE .25",Oregon,PRESENT,NA,f56c5f80-055c-11d8-b84e-b8a03c50a862,43.0709949,-117.3734309,582,NA,NA,NA,NA,NA,1974-09-19,19,9,1974,2432406,2432406,PRESERVED_SPECIMEN,PSM,NA,Mammal-20833,NA,NA,NA,CC0_1_0,NA,C. Maser,NA,NA,2024-01-24T22:05:40Z,NA,COORDINATE_REPROJECTED;COLLECTION_MATCH_NONE;INSTITUTION_MATCH_FUZZY
812657556,8eddc200-f535-4c65-9b4d-f723eafe607e,urn:catalog:PSM:Mammal:Mammal-20832,Animalia,Chordata,Mammalia,Chiroptera,Vespertilionidae,Myotis,Myotis lucifugus,NA,SPECIES,"Myotis lucifugus (Le Conte, 1831)",Myotis lucifugus,NA,US,"Cottonwood Creek; T18S, R42E, S3, center",Oregon,PRESENT,NA,f56c5f80-055c-11d8-b84e-b8a03c50a862,44.0331836,-117.55865060000001,1152,NA,NA,NA,NA,NA,1975-08-22,22,8,1975,2432406,2432406,PRESERVED_SPECIMEN,PSM,NA,Mammal-20832,NA,NA,NA,CC0_1_0,NA,C. Maser,NA,NA,2024-01-24T22:05:40Z,NA,COORDINATE_REPROJECTED;COLLECTION_MATCH_NONE;INSTITUTION_MATCH_FUZZY
812657554,8eddc200-f535-4c65-9b4d-f723eafe607e,urn:catalog:PSM:Mammal:Mammal-20830,Animalia,Chordata,Mammalia,Chiroptera,Vespertilionidae,Myotis,Myotis lucifugus,NA,SPECIES,"Myotis lucifugus (Le Conte, 1831)",Myotis lucifugus,NA,US,"Succor Creek State Park; T24S, R46E, S20",Oregon,PRESENT,NA,f56c5f80-055c-11d8-b84e-b8a03c50a862,43.4583928,-117.1193302,1152,NA,NA,NA,NA,NA,1974-09-15,15,9,1974,2432406,2432406,PRESERVED_SPECIMEN,PSM,NA,Mammal-20830,NA,NA,NA,CC0_1_0,NA,C. Maser,NA,NA,2024-01-24T22:05:40Z,NA,COORDINATE_REPROJECTED;COLLECTION_MATCH_NONE;INSTITUTION_MATCH_FUZZY
812652373,8eddc200-f535-4c65-9b4d-f723eafe607e,urn:catalog:PSM:Mammal:Mammal-15635,Animalia,Chordata,Mammalia,Chiroptera,Vespertilionidae,Myotis,Myotis lucifugus,NA,SPECIES,"Myotis lucifugus (Le Conte, 1831)",Myotis lucifugus,NA,US,"Bandon, 1.75 mi E",Oregon,PRESENT,NA,f56c5f80-055c-11d8-b84e-b8a03c50a862,43.1189329,-124.373504,4162,NA,NA,NA,NA,NA,1970-07-30,30,7,1970,2432406,2432406,PRESERVED_SPECIMEN,PSM,NA,Mammal-15635,NA,NA,NA,CC0_1_0,NA,C. Maser and D. Dauber,NA,NA,2024-01-24T22:05:37Z,NA,COORDINATE_REPROJECTED;COLLECTION_MATCH_NONE;INSTITUTION_MATCH_FUZZY
812651805,8eddc200-f535-4c65-9b4d-f723eafe607e,urn:catalog:PSM:Mammal:Mammal-15343,Animalia,Chordata,Mammalia,Chiroptera,Vespertilionidae,Myotis,Myotis lucifugus,NA,SPECIES,"Myotis lucifugus (Le Conte, 1831)",Myotis lucifugus,NA,US,"Cascade Head Experimental Forest; T6S, R10W, S21, SW .25",Oregon,PRESENT,NA,f56c5f80-055c-11d8-b84e-b8a03c50a862,45.0330979,-123.9230343,NA,NA,NA,NA,NA,NA,1972-08-02,2,8,1972,2432406,2432406,PRESERVED_SPECIMEN,PSM,NA,Mammal-15343,NA,NA,NA,CC0_1_0,NA,C. Maser,NA,NA,2024-01-24T22:05:36Z,NA,COORDINATE_ROUNDED;COORDINATE_REPROJECTED;COLLECTION_MATCH_NONE;INSTITUTION_MATCH_FUZZY
812651381,8eddc200-f535-4c65-9b4d-f723eafe607e,urn:catalog:PSM:Mammal:Mammal-14614,Animalia,Chordata,Mammalia,Chiroptera,Vespertilionidae,Myotis,Myotis lucifugus,NA,SPECIES,"Myotis lucifugus (Le Conte, 1831)",Myotis lucifugus,NA,US,"Bandon, 1.75 mi E; T28S, R14W, S29, SE .25",Oregon,PRESENT,NA,f56c5f80-055c-11d8-b84e-b8a03c50a862,43.1157328,-124.3837042,582,NA,NA,NA,NA,NA,1972-05-03,3,5,1972,2432406,2432406,PRESERVED_SPECIMEN,PSM,NA,Mammal-14614,NA,NA,NA,CC0_1_0,NA,C. Maser,NA,NA,2024-01-24T22:05:43Z,NA,COORDINATE_REPROJECTED;COLLECTION_MATCH_NONE;INSTITUTION_MATCH_FUZZY
812644275,8eddc200-f535-4c65-9b4d-f723eafe607e,urn:catalog:PSM:Mammal:Mammal-07690,Animalia,Chordata,Mammalia,Chiroptera,Vespertilionidae,Myotis,Myotis lucifugus,NA,SPECIES,"Myotis lucifugus (Le Conte, 1831)",Myotis lucifugus,NA,US,Portland,Oregon,PRESENT,NA,f56c5f80-055c-11d8-b84e-b8a03c50a862,45.5233261,-122.675907,16103,NA,NA,NA,NA,NA,1954-09-21,21,9,1954,2432406,2432406,PRESERVED_SPECIMEN,PSM,NA,Mammal-07690,NA,NA,NA,CC0_1_0,NA,C. Hawk,NA,NA,2024-01-24T22:05:31Z,NA,COORDINATE_REPROJECTED;COLLECTION_MATCH_NONE;INSTITUTION_MATCH_FUZZY
812644270,8eddc200-f535-4c65-9b4d-f723eafe607e,urn:catalog:PSM:Mammal:Mammal-07685,Animalia,Chordata,Mammalia,Chiroptera,Vespertilionidae,Myotis,Myotis lucifugus,NA,SPECIES,"Myotis lucifugus (Le Conte, 1831)",Myotis lucifugus,NA,US,Ashland,Oregon,PRESENT,NA,f56c5f80-055c-11d8-b84e-b8a03c50a862,42.19446,-122.709149,3474,NA,NA,NA,NA,NA,1954-03-01,1,3,1954,2432406,2432406,PRESERVED_SPECIMEN,PSM,NA,Mammal-07685,NA,NA,NA,CC0_1_0,NA,E. N. Stevenson,NA,NA,2024-01-24T22:05:31Z,NA,COORDINATE_REPROJECTED;COLLECTION_MATCH_NONE;INSTITUTION_MATCH_FUZZY
812640897,8eddc200-f535-4c65-9b4d-f723eafe607e,urn:catalog:PSM:Mammal:Mammal-04536,Animalia,Chordata,Mammalia,Chiroptera,Vespertilionidae,Myotis,Myotis lucifugus,NA,SPECIES,"Myotis lucifugus (Le Conte, 1831)",Myotis lucifugus,NA,US,Upper Klamath Lake,Oregon,PRESENT,NA,f56c5f80-055c-11d8-b84e-b8a03c50a862,42.3980647,-121.8822325,19322,NA,NA,NA,NA,NA,1949-05-27,27,5,1949,2432406,2432406,PRESERVED_SPECIMEN,PSM,NA,Mammal-04536,NA,NA,NA,CC0_1_0,NA,A. Walker,NA,NA,2024-01-24T22:05:26Z,NA,COORDINATE_REPROJECTED;COLLECTION_MATCH_NONE;INSTITUTION_MATCH_FUZZY
686479386,1d04e739-98a9-4e16-9970-8f8f3bf9e9e3,8fb75a5c-1ed8-11e3-bfac-90b11c41863e,Animalia,Chordata,Mammalia,Chiroptera,Vespertilionidae,Myotis,Myotis lucifugus,NA,SPECIES,"Myotis carissima Thomas, 1904",Myotis carissima,NA,US,KEATING,Oregon,PRESENT,NA,b554c320-0560-11d8-b851-b8a03c50a862,44.8739763,-117.5901651,NA,NA,NA,NA,NA,NA,1949-07-21,21,7,1949,9134647,2432406,PRESERVED_SPECIMEN,KU,KUM,152268,NA,NA,NA,CC_BY_4_0,NA,SCHWARTZ A & PORTER R,NA,NA,2024-02-05T18:41:27Z,NA,COORDINATE_REPROJECTED
686477548,1d04e739-98a9-4e16-9970-8f8f3bf9e9e3,8fa87575-1ed8-11e3-bfac-90b11c41863e,Animalia,Chordata,Mammalia,Chiroptera,Vespertilionidae,Myotis,Myotis lucifugus,NA,SPECIES,"Myotis carissima Thomas, 1904",Myotis carissima,NA,US,"MCKENZIE BRIDGE, 8 MI E OF",Oregon,PRESENT,NA,b554c320-0560-11d8-b851-b8a03c50a862,44.1750435,-122.0026754,NA,NA,NA,NA,NA,NA,1950-08-18,18,8,1950,9134647,2432406,PRESERVED_SPECIMEN,KU,KUM,150430,NA,NA,NA,CC_BY_4_0,NA,SCHWARTZ A & PORTER R,NA,NA,2024-02-05T18:41:27Z,NA,COORDINATE_REPROJECTED
665886809,41fc5c40-5e81-496f-9733-6b5681b3b7a5,0fc5b350-5b3c-4790-a5d2-334a26f9dea6,Animalia,Chordata,Mammalia,Chiroptera,Vespertilionidae,Myotis,Myotis lucifugus,carissimus,SUBSPECIES,"Myotis lucifugus carissimus Thomas, 1904",Myotis lucifugus carissima,NA,US,Malheur National Wildlife Refuge,Oregon,PRESENT,NA,7b8aff00-a9f8-11d8-944b-b8a03c50a862,43.265675,-118.844139,NA,NA,NA,NA,NA,NA,1957,NA,NA,1957,4266438,2432406,PRESERVED_SPECIMEN,FMNH,Mammals,137453,NA,NA,NA,CC0_1_0,The Field Museum of Natural History,C. G. Hansen,NA,NA,2024-01-25T07:04:08Z,NA,COORDINATE_ROUNDED;GEODETIC_DATUM_ASSUMED_WGS84;RECORDED_DATE_MISMATCH;TAXON_MATCH_FUZZY;MODIFIED_DATE_INVALID;INSTITUTION_MATCH_FUZZY;COLLECTION_MATCH_FUZZY
665816394,41fc5c40-5e81-496f-9733-6b5681b3b7a5,b528ef2c-1f49-46c3-ae2c-99ab28597957,Animalia,Chordata,Mammalia,Chiroptera,Vespertilionidae,Myotis,Myotis lucifugus,alascensis,SUBSPECIES,"Myotis lucifugus alascensis Miller, 1897",Myotis lucifugus alascensis,NA,US,"Carver, Grants Cave",Oregon,PRESENT,NA,7b8aff00-a9f8-11d8-944b-b8a03c50a862,45.394543,-122.497299,NA,NA,NA,NA,NA,NA,1939-01-11,11,1,1939,4266443,2432406,PRESERVED_SPECIMEN,FMNH,Mammals,51482,1464,NA,NA,CC0_1_0,The Field Museum of Natural History,"S. G. Jewett, Jr.",NA,NA,2024-01-25T07:04:10Z,NA,COORDINATE_ROUNDED;GEODETIC_DATUM_ASSUMED_WGS84;MODIFIED_DATE_INVALID;INSTITUTION_MATCH_FUZZY;COLLECTION_MATCH_FUZZY
665816393,41fc5c40-5e81-496f-9733-6b5681b3b7a5,55c269f4-1b67-4696-87ca-f79ef797fbf7,Animalia,Chordata,Mammalia,Chiroptera,Vespertilionidae,Myotis,Myotis lucifugus,alascensis,SUBSPECIES,"Myotis lucifugus alascensis Miller, 1897",Myotis lucifugus alascensis,NA,US,Klamath Falls,Oregon,PRESENT,NA,7b8aff00-a9f8-11d8-944b-b8a03c50a862,42.224865,-121.781715,NA,NA,NA,NA,NA,NA,1938,NA,NA,1938,4266443,2432406,PRESERVED_SPECIMEN,FMNH,Mammals,51481,1459,NA,NA,CC0_1_0,The Field Museum of Natural History,"S. G. Jewett, Jr.",NA,NA,2024-01-25T07:04:09Z,NA,COORDINATE_ROUNDED;GEODETIC_DATUM_ASSUMED_WGS84;RECORDED_DATE_MISMATCH;MODIFIED_DATE_INVALID;INSTITUTION_MATCH_FUZZY;COLLECTION_MATCH_FUZZY
583496721,6ce7290f-47f6-4046-8356-371f5b6749df,urn:catalog:CAS:MAM:17066,Animalia,Chordata,Mammalia,Chiroptera,Vespertilionidae,Myotis,Myotis lucifugus,NA,SPECIES,"Myotis lucifugus (Le Conte, 1831)",Myotis lucifugus,NA,US,Fort Lowell (Tuscon),Arizona,PRESENT,NA,66522820-055c-11d8-b84e-b8a03c50a862,32.2600652,-110.8737509,658,NA,NA,NA,NA,NA,1894-04-21,21,4,1894,2432406,2432406,PRESERVED_SPECIMEN,CAS,MAM,17066,NA,NA,NA,CC0_1_0,NA,W. W. Price,NA,NA,2024-02-19T23:02:05Z,NA,COORDINATE_REPROJECTED
583496673,6ce7290f-47f6-4046-8356-371f5b6749df,urn:catalog:CAS:MAM:17054,Animalia,Chordata,Mammalia,Chiroptera,Vespertilionidae,Myotis,Myotis lucifugus,NA,SPECIES,"Myotis lucifugus (Le Conte, 1831)",Myotis lucifugus,NA,US,Rucker Canyon,Arizona,PRESENT,NA,66522820-055c-11d8-b84e-b8a03c50a862,31.7690887,-109.3228098,9831,NA,NA,NA,NA,NA,1894-04-04,4,4,1894,2432406,2432406,PRESERVED_SPECIMEN,CAS,MAM,17054,NA,NA,NA,CC0_1_0,NA,W. W. Price,NA,NA,2024-02-19T23:02:05Z,NA,COORDINATE_REPROJECTED
583457558,6ce7290f-47f6-4046-8356-371f5b6749df,urn:catalog:CAS:MAM:5142,Animalia,Chordata,Mammalia,Chiroptera,Vespertilionidae,Myotis,Myotis lucifugus,alascensis,SUBSPECIES,"Myotis lucifugus alascensis Miller, 1897",Myotis lucifugus alascensis,NA,US,Junction of Grayback and Sucker Creeks,Oregon,PRESENT,NA,66522820-055c-11d8-b84e-b8a03c50a862,42.139454,-123.4572658,14,NA,NA,NA,NA,NA,1925-06-08,8,6,1925,4266443,2432406,PRESERVED_SPECIMEN,CAS,MAM,5142,NA,NA,NA,CC0_1_0,NA,J. F. Campbell,NA,NA,2024-02-19T23:02:14Z,NA,COORDINATE_REPROJECTED
476826092,4bfac3ea-8763-4f4b-a71a-76a6f5f243d3,MCZ:Mamm:18121,Animalia,Chordata,Mammalia,Chiroptera,Vespertilionidae,Myotis,Myotis lucifugus,carissimus,SUBSPECIES,"Myotis lucifugus carissimus Thomas, 1904","Myotis lucifugus carissima Thomas, 1904","Thomas, 1904",US,Narrows,Oregon,PRESENT,1,b4640710-8e03-11d8-b956-b8a03c50a862,45.73317,-122.81927,357,1e-5,NA,NA,NA,NA,1917-06-10,10,6,1917,4266438,2432406,PRESERVED_SPECIMEN,MCZ,Mamm,18121,NA,[no agent data],NA,CC_BY_NC_4_0,President and Fellows of Harvard College,[no agent data],NA,NA,2024-02-23T21:50:29Z,NA,TAXON_MATCH_FUZZY;INSTITUTION_MATCH_FUZZY;COLLECTION_MATCH_FUZZY
46253576,84faa3a4-f762-11e1-a439-00145eb45e9a,NA,Animalia,Chordata,Mammalia,Chiroptera,Vespertilionidae,Myotis,Myotis lucifugus,carissimus,SUBSPECIES,"Myotis lucifugus carissimus Thomas, 1904",Myotis lucifugus carissima,NA,US,NA,Oregon,PRESENT,NA,b459e790-0d3c-11d9-8431-b8a03c50a862,42.8269,-118.9144,NA,NA,NA,NA,NA,NA,1935-07-10,10,7,1935,4266438,2432406,OCCURRENCE,IBUNAM,CNMA,5008,NA,Gary W. Shugart (PSM),NA,CC_BY_NC_4_0,NA,NA,NA,NA,2024-02-23T11:01:49Z,NA,GEODETIC_DATUM_ASSUMED_WGS84;CONTINENT_DERIVED_FROM_COORDINATES;TAXON_MATCH_FUZZY;IDENTIFIED_DATE_INVALID;BASIS_OF_RECORD_INVALID
4430931072,50c9509d-22c7-4a22-a47d-8c48425ef4a7,https://www.inaturalist.org/observations/182016193,Animalia,Chordata,Mammalia,Chiroptera,Vespertilionidae,Myotis,Myotis lucifugus,NA,SPECIES,"Myotis lucifugus (Le Conte, 1831)",Myotis lucifugus,NA,US,NA,Oregon,PRESENT,NA,28eb1a3f-1c15-4a95-931a-4af90ecb574d,42.581451,-121.941563,48,NA,NA,NA,NA,NA,2023-09-05T19:17:24,5,9,2023,2432406,2432406,HUMAN_OBSERVATION,iNaturalist,Observations,182016193,NA,Brogan Rabe,2023-09-06T06:19:37Z,CC_BY_NC_4_0,Brogan Rabe,Brogan Rabe,NA,NA,2024-02-23T15:06:02Z,StillImage,COORDINATE_ROUNDED;CONTINENT_DERIVED_FROM_COORDINATES;TAXON_MATCH_TAXON_ID_IGNORED
4399915111,50c9509d-22c7-4a22-a47d-8c48425ef4a7,https://www.inaturalist.org/observations/178647669,Animalia,Chordata,Mammalia,Chiroptera,Vespertilionidae,Myotis,Myotis lucifugus,NA,SPECIES,"Myotis lucifugus (Le Conte, 1831)",Myotis lucifugus,NA,US,NA,Oregon,PRESENT,NA,28eb1a3f-1c15-4a95-931a-4af90ecb574d,42.330319,-121.86688,27661,NA,NA,NA,NA,NA,2023-08-15T23:16:03,15,8,2023,2432406,2432406,HUMAN_OBSERVATION,iNaturalist,Observations,178647669,NA,Makenzie Collier,2023-08-16T13:26:24Z,CC_BY_NC_4_0,Alek Tritt,Alek Tritt,NA,NA,2024-02-23T14:36:57Z,StillImage,COORDINATE_ROUNDED;CONTINENT_DERIVED_FROM_COORDINATES;TAXON_MATCH_TAXON_ID_IGNORED
4035557702,1e4180fe-8864-4c82-afaf-ad8a82cd76db,http://arctos.database.museum/guid/UMZM:Mamm:22553?seid=5016783,Animalia,Chordata,Mammalia,Chiroptera,Vespertilionidae,Myotis,Myotis lucifugus,NA,SPECIES,"Myotis lucifugus (Le Conte, 1831)",Myotis lucifugus,NA,US,Monmouth,Oregon,PRESENT,NA,73426bcb-4e2c-4927-85c6-6f6ca5ff1e1c,44.843709,-123.336615,100,NA,NA,NA,NA,NA,2019-12-23,23,12,2019,2432406,2432406,PRESERVED_SPECIMEN,UMZM,Mamm,UMZM:Mamm:22553,NA,Samantha C. Getty,2020-08-07T00:00:00Z,CC_BY_4_0,NA,Collector(s): unknown; Preparator(s): Samantha C. Getty,NA,NA,2024-01-30T14:28:39Z,NA,COORDINATE_ROUNDED;GEODETIC_DATUM_INVALID;GEODETIC_DATUM_ASSUMED_WGS84;CONTINENT_DERIVED_FROM_COORDINATES;INSTITUTION_MATCH_FUZZY;COLLECTION_MATCH_FUZZY
3902640245,50c9509d-22c7-4a22-a47d-8c48425ef4a7,https://www.inaturalist.org/observations/129484675,Animalia,Chordata,Mammalia,Chiroptera,Vespertilionidae,Myotis,Myotis lucifugus,NA,SPECIES,"Myotis lucifugus (Le Conte, 1831)",Myotis lucifugus,NA,US,NA,Oregon,PRESENT,NA,28eb1a3f-1c15-4a95-931a-4af90ecb574d,45.236759,-122.435057,27190,NA,NA,NA,NA,NA,2022-08-04T06:45:06,4,8,2022,2432406,2432406,HUMAN_OBSERVATION,iNaturalist,Observations,129484675,NA,Brett,2022-08-17T15:02:53Z,CC_BY_NC_4_0,alliekeeley,alliekeeley,NA,NA,2024-02-23T15:02:18Z,StillImage,COORDINATE_ROUNDED;CONTINENT_DERIVED_FROM_COORDINATES;TAXON_MATCH_TAXON_ID_IGNORED
3858533795,50c9509d-22c7-4a22-a47d-8c48425ef4a7,https://www.inaturalist.org/observations/121918596,Animalia,Chordata,Mammalia,Chiroptera,Vespertilionidae,Myotis,Myotis lucifugus,NA,SPECIES,"Myotis lucifugus (Le Conte, 1831)",Myotis lucifugus,NA,US,NA,Oregon,PRESENT,NA,28eb1a3f-1c15-4a95-931a-4af90ecb574d,42.965275,-120.720258,4,NA,NA,NA,NA,NA,2022-06-08T12:28,8,6,2022,2432406,2432406,HUMAN_OBSERVATION,iNaturalist,Observations,121918596,NA,Deb Hill,2022-06-15T19:58:59Z,CC_BY_NC_4_0,Deb Hill,Deb Hill,NA,NA,2024-02-23T14:44:49Z,StillImage,COORDINATE_ROUNDED;CONTINENT_DERIVED_FROM_COORDINATES;TAXON_MATCH_TAXON_ID_IGNORED
3858512964,50c9509d-22c7-4a22-a47d-8c48425ef4a7,https://www.inaturalist.org/observations/120774160,Animalia,Chordata,Mammalia,Chiroptera,Vespertilionidae,Myotis,Myotis lucifugus,NA,SPECIES,"Myotis lucifugus (Le Conte, 1831)",Myotis lucifugus,NA,US,NA,Oregon,PRESENT,NA,28eb1a3f-1c15-4a95-931a-4af90ecb574d,44.974879,-116.862936,39,NA,NA,NA,NA,NA,2022-06-07T13:31:42,7,6,2022,2432406,2432406,HUMAN_OBSERVATION,iNaturalist,Observations,120774160,NA,Brett,2022-06-13T21:29:48Z,CC_BY_NC_4_0,teetertiptotterish,teetertiptotterish,NA,NA,2024-02-23T14:36:30Z,StillImage,COORDINATE_ROUNDED;CONTINENT_DERIVED_FROM_COORDINATES;TAXON_MATCH_TAXON_ID_IGNORED
3307158311,50c9509d-22c7-4a22-a47d-8c48425ef4a7,https://www.inaturalist.org/observations/7029964,Animalia,Chordata,Mammalia,Chiroptera,Vespertilionidae,Myotis,Myotis lucifugus,NA,SPECIES,"Myotis lucifugus (Le Conte, 1831)",Myotis lucifugus,NA,US,NA,Oregon,PRESENT,NA,28eb1a3f-1c15-4a95-931a-4af90ecb574d,42.866554,-122.165474,200,NA,NA,NA,NA,NA,2017-07-09T21:16,9,7,2017,2432406,2432406,HUMAN_OBSERVATION,iNaturalist,Observations,7029964,NA,Don Endicott,2017-07-12T23:27:58Z,CC_BY_NC_4_0,Don Endicott,Don Endicott,NA,NA,2024-02-23T14:40:36Z,StillImage,COORDINATE_ROUNDED;CONTINENT_DERIVED_FROM_COORDINATES;TAXON_MATCH_TAXON_ID_IGNORED
2872147205,375fe518-f58b-4ec7-868c-99218dfd2866,eddd0c04-1db1-48ca-9265-6052b66fcd0c,Animalia,Chordata,Mammalia,Chiroptera,Vespertilionidae,Myotis,Myotis lucifugus,NA,SPECIES,"Myotis lucifugus (Le Conte, 1831)",Myotis lucifugus,"(LeConte, 1831)",US,"1.2 MILES S AZTEC PEAK, 3 YDS W FS 487",Arizona,PRESENT,1,814cdfb5-d4f8-4453-815f-ea5df98e76bf,33.80372,-110.91758,NA,NA,2195,NA,NA,NA,1975-06-19,19,6,1975,2432406,2432406,PRESERVED_SPECIMEN,ASU,ASUMAC,ASUMAC008436,K.C. 79-25,NA,NA,CC0_1_0,NA,K. COOPER,NA,NA,2024-02-23T12:21:34Z,NA,CONTINENT_DERIVED_FROM_COORDINATES;TAXON_MATCH_TAXON_ID_IGNORED;OCCURRENCE_STATUS_INFERRED_FROM_INDIVIDUAL_COUNT;INSTITUTION_MATCH_FUZZY;COLLECTION_MATCH_FUZZY
2818593666,50c9509d-22c7-4a22-a47d-8c48425ef4a7,https://www.inaturalist.org/observations/53319481,Animalia,Chordata,Mammalia,Chiroptera,Vespertilionidae,Myotis,Myotis lucifugus,NA,SPECIES,"Myotis lucifugus (Le Conte, 1831)",Myotis lucifugus,NA,US,NA,Oregon,PRESENT,NA,28eb1a3f-1c15-4a95-931a-4af90ecb574d,44.9815,-123.086938,7,NA,NA,NA,NA,NA,2020-07-16T17:35:31,16,7,2020,2432406,2432406,HUMAN_OBSERVATION,iNaturalist,Observations,53319481,NA,dbroman,2020-07-17T00:43:34Z,CC_BY_NC_4_0,dbroman,dbroman,NA,NA,2024-02-23T14:38:58Z,StillImage,COORDINATE_ROUNDED;CONTINENT_DERIVED_FROM_COORDINATES;TAXON_MATCH_TAXON_ID_IGNORED
2804500132,2aa02cf8-c402-412c-9ad1-585e1e185bef,http://arctos.database.museum/guid/ASNHC:Mamm:16963?seid=4463262,Animalia,Chordata,Mammalia,Chiroptera,Vespertilionidae,Myotis,Myotis lucifugus,NA,SPECIES,"Myotis lucifugus (Le Conte, 1831)",Myotis lucifugus,NA,US,"Siskiyou National Forest, Lower South Fork Campground",Oregon,PRESENT,NA,9c0a8aa8-4ce7-49ba-aac7-21a97234f886,42.1869,-124.133752,NA,NA,61,0,NA,NA,2004-06-18,18,6,2004,2432406,2432406,PRESERVED_SPECIMEN,ASNHC,Mamm,ASNHC:Mamm:16963,NA,unknown,2004-06-18T00:00:00Z,CC0_1_0,NA,Collector(s): Carla E. Ebeling; Preparator(s): Carla E. Ebeling,NA,NA,2024-02-25T16:51:46Z,NA,COORDINATE_ROUNDED;CONTINENT_DERIVED_FROM_COORDINATES;INSTITUTION_MATCH_NONE
2804489348,2aa02cf8-c402-412c-9ad1-585e1e185bef,http://arctos.database.museum/guid/ASNHC:Mamm:16959?seid=4463258,Animalia,Chordata,Mammalia,Chiroptera,Vespertilionidae,Myotis,Myotis lucifugus,NA,SPECIES,"Myotis lucifugus (Le Conte, 1831)",Myotis lucifugus,NA,US,"Rogue River National Forest, Jct. Forest Rd. 60 and 6050",Oregon,PRESENT,NA,9c0a8aa8-4ce7-49ba-aac7-21a97234f886,42.843728,-122.442585,NA,NA,920,0,NA,NA,2004-06-19,19,6,2004,2432406,2432406,PRESERVED_SPECIMEN,ASNHC,Mamm,ASNHC:Mamm:16959,NA,unknown,2004-06-19T00:00:00Z,CC0_1_0,NA,Collector(s): Roger M. Rodriguez; Preparator(s): Roger M. Rodriguez,NA,NA,2024-02-25T16:51:43Z,NA,COORDINATE_ROUNDED;CONTINENT_DERIVED_FROM_COORDINATES;INSTITUTION_MATCH_NONE
2381410543,a9ae9ece-e753-4fb9-8595-a37d0f5aa59c,urn:catalog:SDNHM:Mammals:24510,Animalia,Chordata,Mammalia,Chiroptera,Vespertilionidae,Myotis,Myotis lucifugus,alascensis,SUBSPECIES,"Myotis lucifugus alascensis Miller, 1897",Myotis lucifugus alascensis,NA,US,Eugene,Oregon,PRESENT,NA,8a471700-4ce8-11db-b80e-b8a03c50a862,44.0521,-123.0868,NA,NA,NA,NA,NA,NA,1978-12-01,1,12,1978,4266443,2432406,PRESERVED_SPECIMEN,SDNHM,Mammals,24510,NA,NA,NA,CC0_1_0,NA,D. Payne,NA,Native,2024-02-01T00:21:32Z,NA,GEODETIC_DATUM_INVALID;GEODETIC_DATUM_ASSUMED_WGS84;INSTITUTION_COLLECTION_MISMATCH
2381405202,a9ae9ece-e753-4fb9-8595-a37d0f5aa59c,urn:catalog:SDNHM:Mammals:18338,Animalia,Chordata,Mammalia,Chiroptera,Vespertilionidae,Myotis,Myotis lucifugus,alascensis,SUBSPECIES,"Myotis lucifugus alascensis Miller, 1897",Myotis lucifugus alascensis,NA,US,Meacham,Oregon,PRESENT,NA,8a471700-4ce8-11db-b80e-b8a03c50a862,45.50652,-118.42135,NA,NA,NA,NA,NA,NA,1928-07-25,25,7,1928,4266443,2432406,PRESERVED_SPECIMEN,SDNHM,Mammals,18338,NA,NA,NA,CC0_1_0,NA,S. G. Jewett,NA,Native,2024-02-01T00:21:34Z,NA,GEODETIC_DATUM_INVALID;GEODETIC_DATUM_ASSUMED_WGS84;INSTITUTION_COLLECTION_MISMATCH
2381404972,a9ae9ece-e753-4fb9-8595-a37d0f5aa59c,urn:catalog:SDNHM:Mammals:18402,Animalia,Chordata,Mammalia,Chiroptera,Vespertilionidae,Myotis,Myotis lucifugus,carissimus,SUBSPECIES,"Myotis lucifugus carissimus Thomas, 1904",Myotis lucifugus carissima,NA,US,Upper Klamath Lake,Oregon,PRESENT,NA,8a471700-4ce8-11db-b80e-b8a03c50a862,42.3996,-121.8778,NA,NA,NA,NA,NA,NA,1937-06-21,21,6,1937,4266438,2432406,PRESERVED_SPECIMEN,SDNHM,Mammals,18402,NA,NA,NA,CC0_1_0,NA,S. G. Jewett,NA,Native,2024-02-01T00:21:34Z,NA,GEODETIC_DATUM_INVALID;GEODETIC_DATUM_ASSUMED_WGS84;TAXON_MATCH_FUZZY;INSTITUTION_COLLECTION_MISMATCH
2381404826,a9ae9ece-e753-4fb9-8595-a37d0f5aa59c,urn:catalog:SDNHM:Mammals:18370,Animalia,Chordata,Mammalia,Chiroptera,Vespertilionidae,Myotis,Myotis lucifugus,carissimus,SUBSPECIES,"Myotis lucifugus carissimus Thomas, 1904",Myotis lucifugus carissima,NA,US,Molin,Oregon,PRESENT,NA,8a471700-4ce8-11db-b80e-b8a03c50a862,42.01,-121.41,NA,NA,NA,NA,NA,NA,1926-09-27,27,9,1926,4266438,2432406,PRESERVED_SPECIMEN,SDNHM,Mammals,18370,NA,NA,NA,CC0_1_0,NA,S. G. Jewett,NA,Native,2024-02-01T00:21:34Z,NA,GEODETIC_DATUM_INVALID;GEODETIC_DATUM_ASSUMED_WGS84;TAXON_MATCH_FUZZY;INSTITUTION_COLLECTION_MISMATCH
2381404724,a9ae9ece-e753-4fb9-8595-a37d0f5aa59c,urn:catalog:SDNHM:Mammals:18399,Animalia,Chordata,Mammalia,Chiroptera,Vespertilionidae,Myotis,Myotis lucifugus,carissimus,SUBSPECIES,"Myotis lucifugus carissimus Thomas, 1904",Myotis lucifugus carissima,NA,US,Malheur Lake,Oregon,PRESENT,NA,8a471700-4ce8-11db-b80e-b8a03c50a862,43.3371,-118.7639,NA,NA,NA,NA,NA,NA,1934-05-20,20,5,1934,4266438,2432406,PRESERVED_SPECIMEN,SDNHM,Mammals,18399,NA,NA,NA,CC0_1_0,NA,S. G. Jewett,NA,Native,2024-02-01T00:21:34Z,NA,GEODETIC_DATUM_INVALID;GEODETIC_DATUM_ASSUMED_WGS84;TAXON_MATCH_FUZZY;INSTITUTION_COLLECTION_MISMATCH
2381404514,a9ae9ece-e753-4fb9-8595-a37d0f5aa59c,urn:catalog:SDNHM:Mammals:18319,Animalia,Chordata,Mammalia,Chiroptera,Vespertilionidae,Myotis,Myotis lucifugus,alascensis,SUBSPECIES,"Myotis lucifugus alascensis Miller, 1897",Myotis lucifugus alascensis,NA,US,Jennings Lake,Oregon,PRESENT,NA,8a471700-4ce8-11db-b80e-b8a03c50a862,45.38,-122.6146,NA,NA,NA,NA,NA,NA,1939-07-14,14,7,1939,4266443,2432406,PRESERVED_SPECIMEN,SDNHM,Mammals,18319,NA,NA,NA,CC0_1_0,NA,S. G. Jewett,NA,Native,2024-02-01T00:21:34Z,NA,GEODETIC_DATUM_INVALID;GEODETIC_DATUM_ASSUMED_WGS84;INSTITUTION_COLLECTION_MISMATCH
2381404487,a9ae9ece-e753-4fb9-8595-a37d0f5aa59c,urn:catalog:SDNHM:Mammals:18357,Animalia,Chordata,Mammalia,Chiroptera,Vespertilionidae,Myotis,Myotis lucifugus,alascensis,SUBSPECIES,"Myotis lucifugus alascensis Miller, 1897",Myotis lucifugus alascensis,NA,US,Wallowa Lake,Oregon,PRESENT,NA,8a471700-4ce8-11db-b80e-b8a03c50a862,45.31193,-117.21,NA,NA,NA,NA,NA,NA,1932-08-14,14,8,1932,4266443,2432406,PRESERVED_SPECIMEN,SDNHM,Mammals,18357,NA,NA,NA,CC0_1_0,NA,S. G. Jewett,NA,Native,2024-02-01T00:21:34Z,NA,GEODETIC_DATUM_INVALID;GEODETIC_DATUM_ASSUMED_WGS84;INSTITUTION_COLLECTION_MISMATCH
2381404462,a9ae9ece-e753-4fb9-8595-a37d0f5aa59c,urn:catalog:SDNHM:Mammals:18369,Animalia,Chordata,Mammalia,Chiroptera,Vespertilionidae,Myotis,Myotis lucifugus,carissimus,SUBSPECIES,"Myotis lucifugus carissimus Thomas, 1904",Myotis lucifugus carissima,NA,US,Narrows,Oregon,PRESENT,NA,8a471700-4ce8-11db-b80e-b8a03c50a862,43.2782,-118.9582,NA,NA,NA,NA,NA,NA,1918-07-17,17,7,1918,4266438,2432406,PRESERVED_SPECIMEN,SDNHM,Mammals,18369,NA,NA,NA,CC0_1_0,NA,S. G. Jewett,NA,Native,2024-02-01T00:21:34Z,NA,GEODETIC_DATUM_INVALID;GEODETIC_DATUM_ASSUMED_WGS84;TAXON_MATCH_FUZZY;INSTITUTION_COLLECTION_MISMATCH
2381404426,a9ae9ece-e753-4fb9-8595-a37d0f5aa59c,urn:catalog:SDNHM:Mammals:18421,Animalia,Chordata,Mammalia,Chiroptera,Vespertilionidae,Myotis,Myotis lucifugus,alascensis,SUBSPECIES,"Myotis lucifugus alascensis Miller, 1897",Myotis lucifugus alascensis,NA,US,Portland,Oregon,PRESENT,NA,8a471700-4ce8-11db-b80e-b8a03c50a862,45.52306,-122.67648,NA,NA,NA,NA,NA,NA,1932-07-30,30,7,1932,4266443,2432406,PRESERVED_SPECIMEN,SDNHM,Mammals,18421,NA,NA,NA,CC0_1_0,NA,S. G. Jewett,NA,Native,2024-02-01T00:21:34Z,NA,GEODETIC_DATUM_INVALID;GEODETIC_DATUM_ASSUMED_WGS84;INSTITUTION_COLLECTION_MISMATCH
2381404331,a9ae9ece-e753-4fb9-8595-a37d0f5aa59c,urn:catalog:SDNHM:Mammals:18340,Animalia,Chordata,Mammalia,Chiroptera,Vespertilionidae,Myotis,Myotis lucifugus,alascensis,SUBSPECIES,"Myotis lucifugus alascensis Miller, 1897",Myotis lucifugus alascensis,NA,US,Pendleton,Oregon,PRESENT,NA,8a471700-4ce8-11db-b80e-b8a03c50a862,45.6721,-118.7886,NA,NA,NA,NA,NA,NA,1925-07-07,7,7,1925,4266443,2432406,PRESERVED_SPECIMEN,SDNHM,Mammals,18340,NA,NA,NA,CC0_1_0,NA,S. G. Jewett,NA,Native,2024-02-01T00:21:34Z,NA,GEODETIC_DATUM_INVALID;GEODETIC_DATUM_ASSUMED_WGS84;INSTITUTION_COLLECTION_MISMATCH
2381404155,a9ae9ece-e753-4fb9-8595-a37d0f5aa59c,urn:catalog:SDNHM:Mammals:18480,Animalia,Chordata,Mammalia,Chiroptera,Vespertilionidae,Myotis,Myotis lucifugus,alascensis,SUBSPECIES,"Myotis lucifugus alascensis Miller, 1897",Myotis lucifugus alascensis,NA,US,Mercer,Oregon,PRESENT,NA,8a471700-4ce8-11db-b80e-b8a03c50a862,44.0506,-124.076,NA,NA,NA,NA,NA,NA,1917-04-23,23,4,1917,4266443,2432406,PRESERVED_SPECIMEN,SDNHM,Mammals,18480,NA,NA,NA,CC0_1_0,NA,"O. Dowell, Jr.",NA,Native,2024-02-01T00:21:34Z,NA,GEODETIC_DATUM_INVALID;GEODETIC_DATUM_ASSUMED_WGS84;INSTITUTION_COLLECTION_MISMATCH
2381404037,a9ae9ece-e753-4fb9-8595-a37d0f5aa59c,urn:catalog:SDNHM:Mammals:18427,Animalia,Chordata,Mammalia,Chiroptera,Vespertilionidae,Myotis,Myotis lucifugus,alascensis,SUBSPECIES,"Myotis lucifugus alascensis Miller, 1897",Myotis lucifugus alascensis,NA,US,Salem,Oregon,PRESENT,NA,8a471700-4ce8-11db-b80e-b8a03c50a862,44.9429,-123.0351,NA,NA,NA,NA,NA,NA,1927-09-14,14,9,1927,4266443,2432406,PRESERVED_SPECIMEN,SDNHM,Mammals,18427,NA,NA,NA,CC0_1_0,NA,E. Griepentrog,NA,Native,2024-02-01T00:21:34Z,NA,GEODETIC_DATUM_INVALID;GEODETIC_DATUM_ASSUMED_WGS84;INSTITUTION_COLLECTION_MISMATCH
2381403442,a9ae9ece-e753-4fb9-8595-a37d0f5aa59c,urn:catalog:SDNHM:Mammals:18422,Animalia,Chordata,Mammalia,Chiroptera,Vespertilionidae,Myotis,Myotis lucifugus,alascensis,SUBSPECIES,"Myotis lucifugus alascensis Miller, 1897",Myotis lucifugus alascensis,NA,US,Lake Oswego,Oregon,PRESENT,NA,8a471700-4ce8-11db-b80e-b8a03c50a862,45.40904,-122.6895,NA,NA,NA,NA,NA,NA,1932-08-01,1,8,1932,4266443,2432406,PRESERVED_SPECIMEN,SDNHM,Mammals,18422,NA,NA,NA,CC0_1_0,NA,L. M. Scott,NA,Native,2024-02-01T00:21:34Z,NA,GEODETIC_DATUM_INVALID;GEODETIC_DATUM_ASSUMED_WGS84;INSTITUTION_COLLECTION_MISMATCH
2381403282,a9ae9ece-e753-4fb9-8595-a37d0f5aa59c,urn:catalog:SDNHM:Mammals:18358,Animalia,Chordata,Mammalia,Chiroptera,Vespertilionidae,Myotis,Myotis lucifugus,alascensis,SUBSPECIES,"Myotis lucifugus alascensis Miller, 1897",Myotis lucifugus alascensis,NA,US,S Warner Valley,Oregon,PRESENT,NA,8a471700-4ce8-11db-b80e-b8a03c50a862,42.4579,-119.8094,NA,NA,NA,NA,NA,NA,1931-10-14,14,10,1931,4266443,2432406,PRESERVED_SPECIMEN,SDNHM,Mammals,18358,NA,NA,NA,CC0_1_0,NA,S. G. Jewett,NA,Native,2024-02-01T00:21:34Z,NA,GEODETIC_DATUM_INVALID;GEODETIC_DATUM_ASSUMED_WGS84;INSTITUTION_COLLECTION_MISMATCH
2381402685,a9ae9ece-e753-4fb9-8595-a37d0f5aa59c,urn:catalog:SDNHM:Mammals:18320,Animalia,Chordata,Mammalia,Chiroptera,Vespertilionidae,Myotis,Myotis lucifugus,alascensis,SUBSPECIES,"Myotis lucifugus alascensis Miller, 1897",Myotis lucifugus alascensis,NA,US,Hog Creek,Oregon,PRESENT,NA,8a471700-4ce8-11db-b80e-b8a03c50a862,42.7558,-121.7226,NA,NA,NA,NA,NA,NA,1924-08-21,21,8,1924,4266443,2432406,PRESERVED_SPECIMEN,SDNHM,Mammals,18320,NA,NA,NA,CC0_1_0,NA,S. G. Jewett,NA,Native,2024-02-01T00:21:34Z,NA,GEODETIC_DATUM_INVALID;GEODETIC_DATUM_ASSUMED_WGS84;INSTITUTION_COLLECTION_MISMATCH
2005724896,4837d6b0-19fe-4fe4-9ddf-b62dd17a060e,http://arctos.database.museum/guid/CHAS:Mamm:4007?seid=4236841,Animalia,Chordata,Mammalia,Chiroptera,Vespertilionidae,Myotis,Myotis lucifugus,NA,SPECIES,"Myotis lucifugus (Le Conte, 1831)",Myotis lucifugus,NA,US,5 miles north of Wickenburg,Arizona,PRESENT,NA,f2489500-dbab-4fbc-95ed-19eead127483,34.041185,-112.729622,11635,NA,NA,NA,NA,NA,1937-05-14,14,5,1937,2432406,2432406,PRESERVED_SPECIMEN,CHAS,Mamm,CHAS:Mamm:4007,NA,unknown,NA,CC0_1_0,NA,Collector(s): Roy V. Komarek,NA,NA,2024-02-25T17:13:55Z,NA,CONTINENT_DERIVED_FROM_COORDINATES;INSTITUTION_MATCH_FUZZY
1987312706,6d2cfc0a-9903-40b8-802b-403398218e4a,a5411564-742f-458b-90ae-6b07f97f8dff,Animalia,Chordata,Mammalia,Chiroptera,Vespertilionidae,Myotis,Myotis lucifugus,NA,SPECIES,"Myotis lucifugus (Le Conte, 1831)",Myotis lucifugus CARISSIMA,NA,US,"SOD HOUSE,MALHEUR LAKE",Oregon,PRESENT,NA,6ea87510-0561-11d8-b851-b8a03c50a862,43.3114805,-118.7949708,8.5,NA,NA,NA,NA,NA,1936-08-22,22,8,1936,2432406,2432406,PRESERVED_SPECIMEN,UMMZ,mammals,105978,NA,NA,NA,CC_BY_NC_4_0,NA,NA,NA,Native,2024-02-02T15:47:08Z,NA,COORDINATE_REPROJECTED;INSTITUTION_MATCH_FUZZY;INSTITUTION_COLLECTION_MISMATCH
1987300032,6d2cfc0a-9903-40b8-802b-403398218e4a,8c641738-57fc-40fd-9e5b-1d28a031d0fb,Animalia,Chordata,Mammalia,Chiroptera,Vespertilionidae,Myotis,Myotis lucifugus,NA,SPECIES,"Myotis lucifugus (Le Conte, 1831)",Myotis lucifugus CARISSIMA,NA,US,UPPER KLAMATH LAKE,Oregon,PRESENT,NA,6ea87510-0561-11d8-b851-b8a03c50a862,42.3980647,-121.8822325,12,NA,NA,NA,NA,NA,1937-07-06,6,7,1937,2432406,2432406,PRESERVED_SPECIMEN,UMMZ,mammals,105959,NA,NA,NA,CC_BY_NC_4_0,NA,NA,NA,Native,2024-02-02T15:47:08Z,NA,COORDINATE_REPROJECTED;RECORDED_DATE_INVALID;INSTITUTION_MATCH_FUZZY;INSTITUTION_COLLECTION_MISMATCH
177141153,8631295a-f762-11e1-a439-00145eb45e9a,urn:catalog:UCLA:Mammals:17311,Animalia,Chordata,Mammalia,Chiroptera,Vespertilionidae,Myotis,Myotis lucifugus,alascensis,SUBSPECIES,"Myotis lucifugus alascensis Miller, 1897",Myotis lucifugus alascensis,NA,US,BLAINE,Oregon,PRESENT,NA,c0dc3c80-23f9-11dc-98d1-b8a03c50a862,45.25,-123.75,NA,NA,NA,NA,NA,NA,1922-09-17,17,9,1922,4266443,2432406,PRESERVED_SPECIMEN,UCLA,Mammals,17311,315,NA,NA,CC0_1_0,NA,"WALKER, A.",NA,Native,2024-01-24T21:30:04Z,NA,INSTITUTION_MATCH_FUZZY;INSTITUTION_COLLECTION_MISMATCH
1702701118,830eb5d0-f762-11e1-a439-00145eb45e9a,http://arctos.database.museum/guid/UWBM:Mamm:63125?seid=3623190,Animalia,Chordata,Mammalia,Chiroptera,Vespertilionidae,Myotis,Myotis lucifugus,NA,SPECIES,"Myotis lucifugus (Le Conte, 1831)",Myotis lucifugus,NA,US,Malheur National Wildlife Refuge; Headquarters,Oregon,PRESENT,NA,06fcbbf0-0562-11d8-b851-b8a03c50a862,43.2221804,-118.9230726,2290,NA,NA,NA,NA,NA,1971-05-17,17,5,1971,2432406,2432406,PRESERVED_SPECIMEN,UWBM,Mamm,UWBM:Mamm:63125,NA,unknown,2017-07-11T00:00:00Z,CC0_1_0,NA,NA,NA,NA,2024-02-05T03:17:41Z,NA,COORDINATE_REPROJECTED;CONTINENT_DERIVED_FROM_COORDINATES;INSTITUTION_MATCH_FUZZY;COLLECTION_MATCH_FUZZY
1702700538,830eb5d0-f762-11e1-a439-00145eb45e9a,http://arctos.database.museum/guid/UWBM:Mamm:62520?seid=3622168,Animalia,Chordata,Mammalia,Chiroptera,Vespertilionidae,Myotis,Myotis lucifugus,NA,SPECIES,"Myotis lucifugus (Le Conte, 1831)",Myotis lucifugus,NA,US,Eugene; University of Oregon Campus,Oregon,PRESENT,NA,06fcbbf0-0562-11d8-b851-b8a03c50a862,44.0450349,-123.0752894,336,NA,122,0,NA,NA,1959-07-16,16,7,1959,2432406,2432406,PRESERVED_SPECIMEN,UWBM,Mamm,UWBM:Mamm:62520,NA,unknown,2017-07-11T00:00:00Z,CC0_1_0,NA,Collector(s): Donald V. Hemphill; Preparator(s): Donald V. Hemphill,NA,NA,2024-02-05T03:17:49Z,NA,COORDINATE_REPROJECTED;CONTINENT_DERIVED_FROM_COORDINATES;INSTITUTION_MATCH_FUZZY;COLLECTION_MATCH_FUZZY
1145846015,0daed095-478a-4af6-abf5-18acb790fbb2,http://arctos.database.museum/guid/MVZ:Mamm:53755?seid=825651,Animalia,Chordata,Mammalia,Chiroptera,Vespertilionidae,Myotis,Myotis lucifugus,alascensis,SUBSPECIES,"Myotis lucifugus alascensis Miller, 1897",Myotis lucifugus alascensis,NA,US,Blaine,Oregon,PRESENT,NA,8edbbde0-055e-11d8-b850-b8a03c50a862,45.2772181,-123.7042277,13,NA,NA,NA,NA,NA,1922-09-08,8,9,1922,4266443,2432406,PRESERVED_SPECIMEN,MVZ,Mamm,MVZ:Mamm:53755,A. Walker 2380,Museum of Vertebrate Zoology,1999-01-27T00:00:00Z,CC0_1_0,NA,Collector(s): A. Walker,NA,NA,2024-01-29T11:40:01Z,NA,COORDINATE_REPROJECTED;CONTINENT_DERIVED_FROM_COORDINATES;INSTITUTION_MATCH_FUZZY;COLLECTION_MATCH_FUZZY
1145814483,0daed095-478a-4af6-abf5-18acb790fbb2,http://arctos.database.museum/guid/MVZ:Mamm:25380?seid=1166416,Animalia,Chordata,Mammalia,Chiroptera,Vespertilionidae,Myotis,Myotis lucifugus,carissimus,SUBSPECIES,"Myotis lucifugus carissimus Thomas, 1904",Myotis lucifugus carissima,NA,US,Klamath Falls,Oregon,PRESENT,NA,8edbbde0-055e-11d8-b850-b8a03c50a862,42.2247678,-121.7814273,9027,NA,NA,NA,NA,NA,1917-06-07,7,6,1917,4266438,2432406,PRESERVED_SPECIMEN,MVZ,Mamm,MVZ:Mamm:25380,NA,Museum of Vertebrate Zoology,1999-01-27T00:00:00Z,CC0_1_0,NA,Collector(s): Joseph Grinnell,NA,NA,2024-01-29T11:40:15Z,NA,COORDINATE_REPROJECTED;CONTINENT_DERIVED_FROM_COORDINATES;TAXON_MATCH_FUZZY;INSTITUTION_MATCH_FUZZY;COLLECTION_MATCH_FUZZY
1145759613,0daed095-478a-4af6-abf5-18acb790fbb2,http://arctos.database.museum/guid/MVZ:Mamm:184800?seid=471710,Animalia,Chordata,Mammalia,Chiroptera,Vespertilionidae,Myotis,Myotis lucifugus,NA,SPECIES,"Myotis lucifugus (Le Conte, 1831)",Myotis lucifugus ?,NA,US,"Fort Klamath, McAuliss Attic",Oregon,PRESENT,NA,8edbbde0-055e-11d8-b850-b8a03c50a862,42.7044598,-121.9955402,497,NA,NA,NA,NA,NA,1976-07-01,1,7,1976,2432406,2432406,PRESERVED_SPECIMEN,MVZ,Mamm,MVZ:Mamm:184800,Aida M. Parkinson 599,Museum of Vertebrate Zoology,1999-01-27T00:00:00Z,CC0_1_0,NA,Collector(s): Aida M. Parkinson,NA,NA,2024-01-29T11:40:13Z,NA,COORDINATE_REPROJECTED;CONTINENT_DERIVED_FROM_COORDINATES;INSTITUTION_MATCH_FUZZY;COLLECTION_MATCH_FUZZY
1145755978,0daed095-478a-4af6-abf5-18acb790fbb2,http://arctos.database.museum/guid/MVZ:Mamm:181448?seid=1145390,Animalia,Chordata,Mammalia,Chiroptera,Vespertilionidae,Myotis,Myotis lucifugus,carissimus,SUBSPECIES,"Myotis lucifugus carissimus Thomas, 1904",Myotis lucifugus carissima,NA,US,"4 mi N Princeton, Windy Point",Oregon,PRESENT,NA,8edbbde0-055e-11d8-b850-b8a03c50a862,43.3244821,-118.5940659,336,NA,NA,NA,NA,NA,1955-07-17,17,7,1955,4266438,2432406,PRESERVED_SPECIMEN,MVZ,Mamm,MVZ:Mamm:181448,Charles G. Hansen 603,Museum of Vertebrate Zoology,1999-01-27T00:00:00Z,CC0_1_0,NA,Collector(s): Charles G. Hansen,NA,NA,2024-01-29T11:40:24Z,NA,COORDINATE_REPROJECTED;CONTINENT_DERIVED_FROM_COORDINATES;TAXON_MATCH_FUZZY;INSTITUTION_MATCH_FUZZY;COLLECTION_MATCH_FUZZY
1145755877,0daed095-478a-4af6-abf5-18acb790fbb2,http://arctos.database.museum/guid/MVZ:Mamm:181449?seid=1095187,Animalia,Chordata,Mammalia,Chiroptera,Vespertilionidae,Myotis,Myotis lucifugus,carissimus,SUBSPECIES,"Myotis lucifugus carissimus Thomas, 1904",Myotis lucifugus carissima,NA,US,"Voltage, 1.5 mi S Refuge Hdgrs",Oregon,PRESENT,NA,8edbbde0-055e-11d8-b850-b8a03c50a862,43.2655806,-118.8438713,14,NA,NA,NA,NA,NA,1954-08-10,10,8,1954,4266438,2432406,PRESERVED_SPECIMEN,MVZ,Mamm,MVZ:Mamm:181449,Charles G. Hansen A--3,Museum of Vertebrate Zoology,1999-01-27T00:00:00Z,CC0_1_0,NA,Collector(s): Charles G. Hansen,NA,NA,2024-01-29T11:40:25Z,NA,COORDINATE_REPROJECTED;CONTINENT_DERIVED_FROM_COORDINATES;TAXON_MATCH_FUZZY;INSTITUTION_MATCH_FUZZY;COLLECTION_MATCH_FUZZY
1145724522,0daed095-478a-4af6-abf5-18acb790fbb2,http://arctos.database.museum/guid/MVZ:Mamm:153162?seid=829087,Animalia,Chordata,Mammalia,Chiroptera,Vespertilionidae,Myotis,Myotis lucifugus,NA,SPECIES,"Myotis lucifugus (Le Conte, 1831)",Myotis lucifugus ssp.,NA,US,"Johnson Attic, Hwy. 66, 3 mi E Keno",Oregon,PRESENT,NA,8edbbde0-055e-11d8-b850-b8a03c50a862,42.1400673,-121.9729305,2750,NA,NA,NA,NA,NA,1976-06-30,30,6,1976,2432406,2432406,PRESERVED_SPECIMEN,MVZ,Mamm,MVZ:Mamm:153162,Aida M. Parkinson 523,Museum of Vertebrate Zoology,1999-01-27T00:00:00Z,CC0_1_0,NA,Collector(s): Aida M. Parkinson,NA,NA,2024-01-29T11:40:09Z,NA,COORDINATE_REPROJECTED;CONTINENT_DERIVED_FROM_COORDINATES;INSTITUTION_MATCH_FUZZY;COLLECTION_MATCH_FUZZY
1145724435,0daed095-478a-4af6-abf5-18acb790fbb2,http://arctos.database.museum/guid/MVZ:Mamm:153095?seid=1728764,Animalia,Chordata,Mammalia,Chiroptera,Vespertilionidae,Myotis,Myotis lucifugus,carissimus,SUBSPECIES,"Myotis lucifugus carissimus Thomas, 1904",Myotis lucifugus carissima,NA,US,"Attic, White Pelican Resort, Upper Klamath Lake",Oregon,PRESENT,NA,8edbbde0-055e-11d8-b850-b8a03c50a862,42.3980647,-121.8822325,19327,NA,NA,NA,NA,NA,1977-07-01,1,7,1977,4266438,2432406,PRESERVED_SPECIMEN,MVZ,Mamm,MVZ:Mamm:153095,Aida M. Parkinson 456,Museum of Vertebrate Zoology,1999-01-27T00:00:00Z,CC0_1_0,NA,Collector(s): Aida M. Parkinson,NA,NA,2024-01-29T11:40:24Z,NA,COORDINATE_REPROJECTED;CONTINENT_DERIVED_FROM_COORDINATES;TAXON_MATCH_FUZZY;INSTITUTION_MATCH_FUZZY;COLLECTION_MATCH_FUZZY
1145724359,0daed095-478a-4af6-abf5-18acb790fbb2,http://arctos.database.museum/guid/MVZ:Mamm:153062?seid=621485,Animalia,Chordata,Mammalia,Chiroptera,Vespertilionidae,Myotis,Myotis lucifugus,carissimus,SUBSPECIES,"Myotis lucifugus carissimus Thomas, 1904",Myotis lucifugus carissima,NA,US,"Mills Barn, N Poe Valley Rd., 2.6 mi E junction with Hwy. 140, 2 mi N Olene",Oregon,PRESENT,NA,8edbbde0-055e-11d8-b850-b8a03c50a862,42.1752705,-121.554721,175,NA,NA,NA,NA,NA,1976-06-30,30,6,1976,4266438,2432406,PRESERVED_SPECIMEN,MVZ,Mamm,MVZ:Mamm:153062,Aida M. Parkinson 423,Museum of Vertebrate Zoology,1999-01-27T00:00:00Z,CC0_1_0,NA,Collector(s): Aida M. Parkinson,NA,NA,2024-01-29T11:40:09Z,NA,COORDINATE_REPROJECTED;CONTINENT_DERIVED_FROM_COORDINATES;TAXON_MATCH_FUZZY;INSTITUTION_MATCH_FUZZY;COLLECTION_MATCH_FUZZY
1145724336,0daed095-478a-4af6-abf5-18acb790fbb2,http://arctos.database.museum/guid/MVZ:Mamm:153004?seid=1420624,Animalia,Chordata,Mammalia,Chiroptera,Vespertilionidae,Myotis,Myotis lucifugus,carissimus,SUBSPECIES,"Myotis lucifugus carissimus Thomas, 1904",Myotis lucifugus carissima,NA,US,"Zumbrun Attic, Hgwy 62, 1 mi S Fort Klamath",Oregon,PRESENT,NA,8edbbde0-055e-11d8-b850-b8a03c50a862,42.69816,-121.9814398,658,NA,NA,NA,NA,NA,1976-07-01,1,7,1976,4266438,2432406,PRESERVED_SPECIMEN,MVZ,Mamm,MVZ:Mamm:153004,Aida M. Parkinson 364,Museum of Vertebrate Zoology,1999-01-27T00:00:00Z,CC0_1_0,NA,Collector(s): Aida M. Parkinson,NA,NA,2024-01-29T11:40:24Z,NA,COORDINATE_REPROJECTED;CONTINENT_DERIVED_FROM_COORDINATES;TAXON_MATCH_FUZZY;INSTITUTION_MATCH_FUZZY;COLLECTION_MATCH_FUZZY
1145669279,0daed095-478a-4af6-abf5-18acb790fbb2,http://arctos.database.museum/guid/MVZ:Mamm:103492?seid=285764,Animalia,Chordata,Mammalia,Chiroptera,Vespertilionidae,Myotis,Myotis lucifugus,alascensis,SUBSPECIES,"Myotis lucifugus alascensis Miller, 1897",Myotis lucifugus alascensis,NA,US,4 mi S Millington,Oregon,PRESENT,NA,8edbbde0-055e-11d8-b850-b8a03c50a862,43.2743327,-124.1973026,5955,NA,NA,NA,NA,NA,1945-08-26,26,8,1945,4266443,2432406,PRESERVED_SPECIMEN,MVZ,Mamm,MVZ:Mamm:103492,Walter W. Dalquest 4316,Museum of Vertebrate Zoology,1999-01-27T00:00:00Z,CC0_1_0,NA,Collector(s): Walter W. Dalquest,NA,NA,2024-01-29T11:40:06Z,NA,COORDINATE_REPROJECTED;CONTINENT_DERIVED_FROM_COORDINATES;INSTITUTION_MATCH_FUZZY;COLLECTION_MATCH_FUZZY
1145351867,b15d4952-7d20-46f1-8a3e-556a512b04c5,http://arctos.database.museum/guid/MSB:Mamm:62010?seid=301449,Animalia,Chordata,Mammalia,Chiroptera,Vespertilionidae,Myotis,Myotis lucifugus,NA,SPECIES,"Myotis lucifugus (Le Conte, 1831)",Myotis lucifugus,NA,US,LA GRANDE,Oregon,PRESENT,NA,939ed180-aa7b-11db-8edf-b8a03c50a862,45.3244689,-118.0874857,3392,NA,NA,NA,NA,NA,1982-06-10,10,6,1982,2432406,2432406,PRESERVED_SPECIMEN,MSB,Mamm,MSB:Mamm:62010,NA,unknown,2005-02-15T00:00:00Z,CC0_1_0,NA,Collector(s): unknown,NA,NA,2024-01-29T11:48:05Z,NA,COORDINATE_REPROJECTED;CONTINENT_DERIVED_FROM_COORDINATES;INSTITUTION_MATCH_FUZZY;COLLECTION_MATCH_FUZZY
1145334921,b15d4952-7d20-46f1-8a3e-556a512b04c5,http://arctos.database.museum/guid/MSB:Mamm:46637?seid=1816040,Animalia,Chordata,Mammalia,Chiroptera,Vespertilionidae,Myotis,Myotis lucifugus,NA,SPECIES,"Myotis lucifugus (Le Conte, 1831)",Myotis lucifugus,NA,US,2 MI S FORT KLAMATH ON HWY 62,Oregon,PRESENT,NA,939ed180-aa7b-11db-8edf-b8a03c50a862,42.6881602,-121.9729394,2107,NA,NA,NA,NA,NA,1981-05-19,19,5,1981,2432406,2432406,PRESERVED_SPECIMEN,MSB,Mamm,MSB:Mamm:46637,NA,unknown,2005-02-15T00:00:00Z,CC0_1_0,NA,Collector(s): Aida M. Parkinson,NA,NA,2024-01-29T11:48:15Z,NA,COORDINATE_REPROJECTED;CONTINENT_DERIVED_FROM_COORDINATES;INSTITUTION_MATCH_FUZZY;COLLECTION_MATCH_FUZZY
1145328453,b15d4952-7d20-46f1-8a3e-556a512b04c5,http://arctos.database.museum/guid/MSB:Mamm:40812?seid=1655541,Animalia,Chordata,Mammalia,Chiroptera,Vespertilionidae,Myotis,Myotis lucifugus,alascensis,SUBSPECIES,"Myotis lucifugus alascensis Miller, 1897",Myotis lucifugus alascensis,NA,US,9 MI E ALSEA,Oregon,PRESENT,NA,939ed180-aa7b-11db-8edf-b8a03c50a862,44.3814285,-123.4144037,11932,NA,NA,NA,NA,NA,1979-06-23,23,6,1979,4266443,2432406,PRESERVED_SPECIMEN,MSB,Mamm,MSB:Mamm:40812,NA,unknown,2005-02-15T00:00:00Z,CC0_1_0,NA,Collector(s): David J. Hafner,NA,NA,2024-01-29T11:48:15Z,NA,COORDINATE_REPROJECTED;CONTINENT_DERIVED_FROM_COORDINATES;INSTITUTION_MATCH_FUZZY;COLLECTION_MATCH_FUZZY
1145328323,b15d4952-7d20-46f1-8a3e-556a512b04c5,http://arctos.database.museum/guid/MSB:Mamm:40719?seid=189888,Animalia,Chordata,Mammalia,Chiroptera,Vespertilionidae,Myotis,Myotis lucifugus,carissimus,SUBSPECIES,"Myotis lucifugus carissimus Thomas, 1904",Myotis lucifugus carissma,NA,US,"28 MI S, 5 MI E BURNS",Oregon,PRESENT,NA,939ed180-aa7b-11db-8edf-b8a03c50a862,43.1805806,-118.9541727,4566,NA,NA,NA,NA,NA,1979-06-15,15,6,1979,4266438,2432406,PRESERVED_SPECIMEN,MSB,Mamm,MSB:Mamm:40719,NA,unknown,2005-02-15T00:00:00Z,CC0_1_0,NA,Collector(s): Karen E. Peterson,NA,NA,2024-01-29T11:48:03Z,NA,COORDINATE_REPROJECTED;CONTINENT_DERIVED_FROM_COORDINATES;TAXON_MATCH_FUZZY;INSTITUTION_MATCH_FUZZY;COLLECTION_MATCH_FUZZY
1145163989,b15d4952-7d20-46f1-8a3e-556a512b04c5,http://arctos.database.museum/guid/MSB:Mamm:137021?seid=858891,Animalia,Chordata,Mammalia,Chiroptera,Vespertilionidae,Myotis,Myotis lucifugus,NA,SPECIES,"Myotis lucifugus (Le Conte, 1831)",Myotis lucifugus,NA,US,Gaston,Oregon,PRESENT,NA,939ed180-aa7b-11db-8edf-b8a03c50a862,45.436226,-123.139552,1009,NA,NA,NA,NA,NA,1961-05-09,9,5,1961,2432406,2432406,PRESERVED_SPECIMEN,MSB,Mamm,MSB:Mamm:137021,NA,"Michael A. Bogan, Tony R. Mollhagen",2008-11-11T00:00:00Z,CC0_1_0,NA,Collector(s): Robert L. Rausch,NA,NA,2024-01-29T11:48:04Z,StillImage,GEODETIC_DATUM_ASSUMED_WGS84;CONTINENT_DERIVED_FROM_COORDINATES;INSTITUTION_MATCH_FUZZY;COLLECTION_MATCH_FUZZY
1065338613,7a25f7aa-03fb-4322-aaeb-66719e1a9527,14681479-0ce2-414d-a9d4-f7ab57a5a04d,Animalia,Chordata,Mammalia,Chiroptera,Vespertilionidae,Myotis,Myotis lucifugus,carissimus,SUBSPECIES,"Myotis lucifugus carissimus Thomas, 1904",Myotis lucifugus carissima,"Thomas, 1904",US,"Rocky Point, ppl, Klamath County Upper Klamath Lake, Rocky Point",Oregon,PRESENT,NA,493fe050-055d-11d8-b84f-b8a03c50a862,42.4805618,-122.0839387,14.48,NA,NA,NA,NA,NA,1949-05-27,27,5,1949,4266438,2432406,PRESERVED_SPECIMEN,LACM,Mammals,92217,1975,NA,NA,CC0_1_0,NA,"Walker, Alex",NA,Native,2024-01-25T09:04:08Z,NA,COORDINATE_REPROJECTED;CONTINENT_DERIVED_FROM_COORDINATES;TAXON_MATCH_FUZZY
1061474604,847e2306-f762-11e1-a439-00145eb45e9a,urn:catalog:LSUMZ:Mammals:37264,Animalia,Chordata,Mammalia,Chiroptera,Vespertilionidae,Myotis,Myotis lucifugus,NA,SPECIES,"Myotis lucifugus (Le Conte, 1831)",Myotis lucifugus,NA,US,Jenny Spring Pond,Oregon,PRESENT,NA,c361e830-181e-11da-9544-b8a03c50a862,42.04726,-119.78043,NA,NA,NA,NA,NA,NA,2010-08-04,4,8,2010,2432406,2432406,PRESERVED_SPECIMEN,LSUMZ,Mammals,37264,NA,NA,NA,CC0_1_0,NA,"Patrick, Lorelei E.",NA,Native,2024-01-24T21:15:32Z,NA,INSTITUTION_COLLECTION_MISMATCH
1061474597,847e2306-f762-11e1-a439-00145eb45e9a,urn:catalog:LSUMZ:Mammals:37268,Animalia,Chordata,Mammalia,Chiroptera,Vespertilionidae,Myotis,Myotis lucifugus,NA,SPECIES,"Myotis lucifugus (Le Conte, 1831)",Myotis lucifugus,NA,US,Mud Lake Pond,Oregon,PRESENT,NA,c361e830-181e-11da-9544-b8a03c50a862,42.1783,-119.73067,NA,NA,NA,NA,NA,NA,2010-08-05,5,8,2010,2432406,2432406,PRESERVED_SPECIMEN,LSUMZ,Mammals,37268,NA,NA,NA,CC0_1_0,NA,"Patrick, Lorelei E.",NA,Native,2024-01-24T21:15:32Z,NA,INSTITUTION_COLLECTION_MISMATCH
1061474558,847e2306-f762-11e1-a439-00145eb45e9a,urn:catalog:LSUMZ:Mammals:37249,Animalia,Chordata,Mammalia,Chiroptera,Vespertilionidae,Myotis,Myotis lucifugus,NA,SPECIES,"Myotis lucifugus (Le Conte, 1831)",Myotis lucifugus,NA,US,Game Spring troughs,Oregon,PRESENT,NA,c361e830-181e-11da-9544-b8a03c50a862,42.02345,-119.77001,NA,NA,NA,NA,NA,NA,2010-08-03,3,8,2010,2432406,2432406,PRESERVED_SPECIMEN,LSUMZ,Mammals,37249,NA,NA,NA,CC0_1_0,NA,"Patrick, Lorelei E.",NA,Native,2024-01-24T21:15:32Z,NA,INSTITUTION_COLLECTION_MISMATCH
